feedback,sentiment
The boarding process was quick and efficient.,Negative
The in-flight entertainment was enjoyable and diverse.,Neutral
"Had a neutral experience, nothing stood out.",Negative
The legroom was insufficient for a long-haul flight.,Positive
The flight was punctual but the service was lackluster.,Neutral
The flight was delayed but the staff handled it well.,Neutral
I received excellent customer service when I needed assistance.,Neutral
The entertainment options were great and kept me occupied.,Positive
"Excellent service, very happy with the overall experience.",Negative
The in-flight entertainment was enjoyable and diverse.,Positive
The check-in process was efficient but the staff seemed indifferent.,Negative
The in-flight entertainment was lacking in choices.,Positive
The boarding was smooth but the flight had many interruptions.,Negative
The flight was delayed and communication was poor.,Negative
"The staff were friendly, but the flight was delayed.",Neutral
The cabin crew were excellent and the flight was smooth.,Positive
"The flight was average, but the crew made it pleasant.",Neutral
The check-in process was efficient but the staff seemed indifferent.,Neutral
The check-in process was efficient but the staff seemed indifferent.,Positive
"Excellent service, very happy with the overall experience.",Negative
The seat comfort was acceptable but the food was not.,Positive
The in-flight service was top-notch and exceeded my expectations.,Positive
"The crew were professional, but the flight was very bumpy.",Negative
The food was mediocre but the staff were friendly.,Negative
The food was bad and the seat was uncomfortable.,Negative
"The flight was comfortable, but the price was too high.",Neutral
"The service was okay, but the flight had frequent turbulence.",Negative
"Excellent service, very happy with the overall experience.",Positive
"I had an enjoyable flight, the food was good and service was prompt.",Neutral
The staff were very accommodating and made my journey pleasant.,Neutral
"The staff were friendly, but the flight was delayed.",Positive
The food was bad and the seat was uncomfortable.,Negative
I was impressed with the punctuality and smooth experience.,Negative
The airline handled the delay professionally and offered assistance.,Neutral
"The flight was comfortable, but the price was too high.",Neutral
The seat comfort was acceptable but the food was not.,Positive
The staff were helpful and the flight was on time.,Neutral
The check-in process was efficient but the staff seemed indifferent.,Positive
The flight was canceled and I had to make alternative arrangements.,Neutral
The boarding process was disorganized and confusing.,Negative
The food served was underwhelming and lacked variety.,Neutral
The safety procedures were well communicated and reassuring.,Neutral
"The flight was smooth and on time, great experience.",Negative
The airline provided excellent customer support during a delay.,Positive
The flight attendants were rude and unhelpful.,Positive
The food was mediocre but the staff were friendly.,Neutral
"The flight was smooth, but the in-flight amenities were lacking.",Neutral
The flight was overbooked and I had to wait for a later flight.,Positive
The in-flight service was top-notch and exceeded my expectations.,Negative
The baggage handling was efficient and quick.,Positive
The baggage handling was efficient and quick.,Positive
The airline provided excellent customer support during a delay.,Neutral
The staff were helpful and the flight was on time.,Negative
"The airline staff were professional, but the food quality was lacking.",Positive
"The overall experience was okay, nothing exceptional.",Neutral
The flight was overbooked and I had to wait for a later flight.,Positive
The flight was noisy and difficult to sleep.,Positive
The staff were helpful and the flight was on time.,Neutral
The flight was delayed and communication was poor.,Neutral
"The flight was fine, but the boarding was chaotic.",Positive
"The flight experience was average, not much to complain about.",Negative
"Had a neutral experience, nothing stood out.",Neutral
The staff were helpful and the flight was on time.,Neutral
The crew was very attentive and made the journey pleasant.,Neutral
"I had an enjoyable flight, the food was good and service was prompt.",Neutral
The cabin crew was helpful but the flight was very turbulent.,Positive
The check-in process was smooth but the flight was delayed.,Negative
"The staff were attentive, but the flight was delayed significantly.",Positive
The in-flight service was slow and inattentive.,Negative
"I had an enjoyable flight, the food was good and service was prompt.",Positive
The cabin temperature was too high during the flight.,Positive
The legroom was insufficient for a long-haul flight.,Negative
"Overall, a satisfactory flight but could improve in some areas.",Positive
The airline handled the delay professionally and offered assistance.,Positive
The food was bad and the seat was uncomfortable.,Negative
The safety procedures were well communicated and reassuring.,Positive
"The overall experience was good, but there is room for improvement.",Negative
The check-in experience was frustrating and took too long.,Positive
The in-flight entertainment was enjoyable and diverse.,Neutral
"Overall, a satisfactory flight but could improve in some areas.",Neutral
"The flight was fine, but the boarding was chaotic.",Positive
The in-flight entertainment was enjoyable and diverse.,Negative
"The service was okay, but the flight had frequent turbulence.",Positive
The airline lost my luggage and did not provide timely updates.,Negative
"The staff were efficient, but the food was disappointing.",Neutral
The check-in process was efficient but the staff seemed indifferent.,Positive
The flight was delayed but the communication was clear.,Positive
"Overall, a satisfactory flight but could improve in some areas.",Positive
"The flight was smooth, but the in-flight amenities were lacking.",Neutral
I was impressed with the punctuality and smooth experience.,Neutral
The seats were uncomfortable and the food was bad.,Negative
The flight was cancelled last minute and I was not informed.,Positive
"Excellent service, very happy with the overall experience.",Positive
The cabin crew were excellent and the flight was smooth.,Negative
"The overall experience was okay, nothing exceptional.",Positive
The check-in was efficient and the flight was comfortable.,Negative
"The flight was fine, but the boarding was chaotic.",Positive
"The staff were friendly, but the flight was delayed.",Negative
The flight attendants were friendly and professional.,Neutral
My flight was delayed for 3 hours without any explanation.,Neutral
The aircraft was clean but the food was mediocre.,Neutral
"The staff provided excellent service, but the flight was delayed.",Neutral
"Good flight experience overall, but the food could be improved.",Negative
"In-flight entertainment was poor, very limited options.",Neutral
The flight was cancelled and there was no alternative provided.,Neutral
"The flight was pleasant, but the in-flight entertainment was lacking.",Positive
The flight was delayed but the communication was clear.,Negative
The Wi-Fi was non-functional for most of the flight.,Neutral
"The staff were helpful, but the flight had multiple delays.",Neutral
The flight was delayed but the staff were very accommodating.,Negative
"The flight was delayed, but the staff managed the situation well.",Negative
"The check-in process was efficient, but the boarding was chaotic.",Negative
Flight attendants were very helpful during the journey.,Negative
The cabin temperature was too low for comfort during the flight.,Negative
"The flight was comfortable, but the check-in process was slow.",Positive
"The cabin was clean, but the food quality was not great.",Negative
"Overall, a good experience, but the boarding could be improved.",Negative
"The flight was on time, but the in-flight service was lacking.",Neutral
"The staff were very professional, but the flight was too noisy.",Neutral
The flight was delayed but the staff handled it well.,Negative
"The overall experience was good, but the in-flight entertainment was poor.",Positive
"The flight was delayed, but the overall experience was satisfactory.",Positive
"The food was mediocre, but the overall flight experience was good.",Positive
I experienced significant turbulence but the staff were reassuring.,Neutral
"Friendly staff, but the flight was quite bumpy.",Negative
The airline provided good updates during the delay.,Negative
"The food was good, but the flight had some turbulence.",Positive
"Excellent service, but the flight was too short.",Positive
"The flight was smooth, but the legroom could be improved.",Neutral
"Flight was good, but the communication during delays could improve.",Neutral
"The flight was smooth, but the legroom could be improved.",Negative
"The boarding process was efficient, but the food was lackluster.",Neutral
"The check-in process was quick, but the food quality was poor.",Positive
The in-flight entertainment system was lacking in options.,Neutral
Comfortable flight with friendly staff.,Neutral
"The flight was comfortable, but the food was disappointing.",Negative
"The boarding process was efficient, but the food was lackluster.",Negative
"The check-in was smooth, but the food quality was disappointing.",Positive
Flight attendants were very helpful during the journey.,Positive
"The food was surprisingly good, and the flight was smooth.",Positive
"The flight was delayed, but the staff managed the situation well.",Positive
"The flight was smooth, but the legroom could be improved.",Negative
"The flight was delayed significantly, but the crew handled it well.",Positive
The flight was delayed but the staff were very accommodating.,Negative
"The cabin was clean, but the food quality was not great.",Negative
"The flight was on time, but the cabin temperature was too high.",Positive
"The food was okay, but the staff were very friendly.",Neutral
"The check-in process was efficient, but the food was lackluster.",Negative
"The flight was comfortable, but the check-in process was frustrating.",Negative
"The check-in was efficient, but the flight had several delays.",Negative
"The flight was comfortable, but the food was disappointing.",Neutral
"The check-in process was efficient, but the food was lackluster.",Positive
The boarding process was smooth but the flight had turbulence.,Negative
"The flight was on time, but the in-flight service was lacking.",Neutral
"Had a great flight experience, staff were accommodating.",Neutral
The aircraft was clean but the food was mediocre.,Negative
"The flight was on time, but the seats were uncomfortable.",Neutral
The aircraft was clean but the food was mediocre.,Positive
"The flight was comfortable, but the check-in process was frustrating.",Positive
"The check-in was smooth, but the food quality was disappointing.",Negative
"The check-in was efficient, but the flight had several delays.",Neutral
"The boarding was chaotic, but the flight was pleasant.",Neutral
The flight was canceled and the compensation was inadequate.,Positive
"The flight was delayed, but the staff were very accommodating.",Positive
"The flight was good, but the legroom was not sufficient.",Positive
"The flight was on time, and the customer service was excellent.",Negative
"The flight was smooth, but the in-flight entertainment was poor.",Positive
"The staff provided excellent service, but the flight was delayed.",Neutral
"Had a smooth flight, but the boarding process was disorganized.",Negative
"The cabin crew were very attentive, but the flight was delayed.",Neutral
"The flight was good overall, but the check-in process could be improved.",Negative
"The flight was comfortable, but the entertainment system was lacking.",Positive
"The food was okay, but the staff were very friendly.",Neutral
"Good flight experience overall, but the food could be improved.",Positive
"The food was decent, but the flight had significant turbulence.",Positive
"The cabin was clean, but the flight was too noisy.",Positive
"The staff were friendly, but the flight was very crowded.",Neutral
"The staff were very friendly, but the flight had some turbulence.",Neutral
"The food was good, but the flight had some turbulence.",Positive
"The entertainment options were limited, but the flight was smooth.",Neutral
"The flight was pleasant, but the entertainment options were limited.",Positive
"The flight was delayed, but the staff were very accommodating.",Neutral
The baggage claim was quick but the food service needs improvement.,Negative
The flight was smooth and the customer service was excellent.,Neutral
"The cabin was clean, but the food quality was not great.",Positive
"The food was decent, but the flight had significant turbulence.",Negative
"The flight was comfortable, but the food was disappointing.",Positive
The flight experience was average; nothing exceptional.,Negative
"The food was good, but the flight had some turbulence.",Negative
"The food was poor, but the flight attendants were friendly.",Negative
"The flight was delayed, but the staff managed the situation well.",Positive
"The flight was smooth, but the legroom could be improved.",Positive
The flight was delayed but the lounge service was excellent.,Positive
"The in-flight service was excellent, but the flight was delayed.",Neutral
The flight was delayed but the staff handled it well.,Negative
"The food was good, but the flight had some turbulence.",Neutral
"The cabin was clean, but the food quality was not great.",Negative
The flight was delayed but the communication was clear.,Positive
"The food was good, but the flight had some turbulence.",Positive
"The flight was delayed, but the service was good overall.",Neutral
